STUDYID,SITEID,SUBJID,AGE,SEX,RACE,ARM,RFSTDTC
DRUGX01,SITE01,S001,38,M,WHITE,Placebo,2025-01-25
DRUGX01,SITE01,S002,42,F,BLACK OR AFRICAN AMERICAN,Placebo,2025-03-26
DRUGX01,SITE04,S003,55,F,WHITE,Drug X,2025-03-26
DRUGX01,SITE04,S004,72,F,ASIAN,Drug X,2025-02-08
DRUGX01,SITE03,S005,51,F,WHITE,Placebo,2025-03-23
DRUGX01,SITE04,S006,56,M,WHITE,Drug X,2025-02-12
DRUGX01,SITE02,S007,44,F,ASIAN,Drug X,2025-03-24
DRUGX01,SITE03,S008,45,F,WHITE,Drug X,2025-03-15
DRUGX01,SITE02,S009,36,M,ASIAN,Drug X,2025-01-18
DRUGX01,SITE02,S010,54,F,BLACK OR AFRICAN AMERICAN,Drug X,2025-01-16
DRUGX01,SITE01,S011,63,M,WHITE,Drug X,2025-03-02
DRUGX01,SITE01,S012,51,M,ASIAN,Placebo,2025-01-26
DRUGX01,SITE04,S013,67,M,BLACK OR AFRICAN AMERICAN,Drug X,2025-03-09
DRUGX01,SITE02,S014,56,M,BLACK OR AFRICAN AMERICAN,Drug X,2025-03-13
DRUGX01,SITE04,S015,54,F,WHITE,Drug X,2025-02-19
DRUGX01,SITE02,S016,59,F,ASIAN,Drug X,2025-03-13
DRUGX01,SITE01,S017,58,M,WHITE,Drug X,2025-02-19
DRUGX01,SITE02,S018,64,F,ASIAN,Placebo,2025-02-23
DRUGX01,SITE02,S019,47,M,ASIAN,Placebo,2025-01-23
DRUGX01,SITE03,S020,33,M,ASIAN,Drug X,2025-02-24
DRUGX01,SITE03,S021,55,M,ASIAN,Drug X,2025-01-19
DRUGX01,SITE03,S022,48,F,WHITE,Placebo,2025-02-27
DRUGX01,SITE02,S023,54,F,ASIAN,Placebo,2025-03-13
DRUGX01,SITE02,S024,69,M,ASIAN,Drug X,2025-03-12
DRUGX01,SITE03,S025,44,F,WHITE,Placebo,2025-01-18
DRUGX01,SITE03,S026,61,F,BLACK OR AFRICAN AMERICAN,Placebo,2025-03-14
DRUGX01,SITE02,S027,63,F,BLACK OR AFRICAN AMERICAN,Drug X,2025-03-08
DRUGX01,SITE01,S028,58,M,WHITE,Drug X,2025-01-18
DRUGX01,SITE04,S029,64,M,BLACK OR AFRICAN AMERICAN,Placebo,2025-01-12
DRUGX01,SITE03,S030,50,F,WHITE,Drug X,2025-03-02
DRUGX01,SITE04,S031,48,F,WHITE,Drug X,2025-02-10
DRUGX01,SITE04,S032,63,M,ASIAN,Drug X,2025-02-17
DRUGX01,SITE04,S033,60,F,ASIAN,Drug X,2025-01-08
DRUGX01,SITE04,S034,67,M,BLACK OR AFRICAN AMERICAN,Drug X,2025-01-26
DRUGX01,SITE03,S035,56,M,ASIAN,Placebo,2025-03-03
DRUGX01,SITE02,S036,69,M,WHITE,Placebo,2025-02-28
DRUGX01,SITE01,S037,51,M,ASIAN,Drug X,2025-01-30
DRUGX01,SITE01,S038,44,M,ASIAN,Placebo,2025-02-04
DRUGX01,SITE04,S039,36,F,ASIAN,Placebo,2025-02-14
DRUGX01,SITE02,S040,44,F,WHITE,Placebo,2025-02-03
DRUGX01,SITE01,S041,61,M,WHITE,Drug X,2025-01-30
DRUGX01,SITE01,S042,41,M,WHITE,Placebo,2025-02-01
DRUGX01,SITE02,S043,50,M,ASIAN,Drug X,2025-02-18
DRUGX01,SITE04,S044,73,F,ASIAN,Placebo,2025-02-22
DRUGX01,SITE02,S045,62,M,WHITE,Placebo,2025-03-02
DRUGX01,SITE01,S046,70,M,ASIAN,Placebo,2025-01-27
DRUGX01,SITE03,S047,45,M,ASIAN,Placebo,2025-01-20
DRUGX01,SITE01,S048,32,F,WHITE,Placebo,2025-02-01
DRUGX01,SITE02,S049,68,F,ASIAN,Placebo,2025-03-13
DRUGX01,SITE01,S050,41,F,ASIAN,Placebo,2025-03-18
DRUGX01,SITE01,S051,55,F,ASIAN,Drug X,2025-03-13
DRUGX01,SITE02,S052,56,M,ASIAN,Placebo,2025-02-08
DRUGX01,SITE01,S053,45,M,WHITE,Placebo,2025-03-27
DRUGX01,SITE04,S054,68,F,WHITE,Placebo,2025-02-23
DRUGX01,SITE03,S055,68,F,BLACK OR AFRICAN AMERICAN,Drug X,2025-02-07
DRUGX01,SITE04,S056,59,M,BLACK OR AFRICAN AMERICAN,Placebo,2025-02-24
DRUGX01,SITE02,S057,54,M,ASIAN,Drug X,2025-03-21
DRUGX01,SITE03,S058,56,M,ASIAN,Placebo,2025-02-11
DRUGX01,SITE03,S059,44,F,WHITE,Placebo,2025-01-13
DRUGX01,SITE02,S060,52,M,ASIAN,Placebo,2025-02-01
DRUGX01,SITE03,S061,53,M,ASIAN,Placebo,2025-03-31
DRUGX01,SITE03,S062,46,F,WHITE,Drug X,2025-02-14
DRUGX01,SITE04,S063,62,F,WHITE,Drug X,2025-01-24
DRUGX01,SITE02,S064,41,F,ASIAN,Drug X,2025-03-21
DRUGX01,SITE04,S065,50,M,WHITE,Drug X,2025-02-06
DRUGX01,SITE01,S066,34,M,WHITE,Placebo,2025-02-02
DRUGX01,SITE01,S067,58,M,WHITE,Drug X,2025-01-13
DRUGX01,SITE02,S068,61,M,ASIAN,Drug X,2025-03-27
DRUGX01,SITE04,S069,60,M,ASIAN,Placebo,2025-03-17
DRUGX01,SITE01,S070,75,M,BLACK OR AFRICAN AMERICAN,Placebo,2025-02-08
DRUGX01,SITE04,S071,62,M,WHITE,Drug X,2025-02-16
DRUGX01,SITE03,S072,46,F,ASIAN,Drug X,2025-01-27
DRUGX01,SITE03,S073,75,M,BLACK OR AFRICAN AMERICAN,Drug X,2025-03-28
DRUGX01,SITE01,S074,46,M,ASIAN,Placebo,2025-03-25
DRUGX01,SITE03,S075,61,F,WHITE,Placebo,2025-01-18
DRUGX01,SITE01,S076,61,F,WHITE,Placebo,2025-01-26
DRUGX01,SITE03,S077,46,F,ASIAN,Drug X,2025-03-22
DRUGX01,SITE04,S078,67,M,WHITE,Placebo,2025-01-24
DRUGX01,SITE04,S079,57,F,ASIAN,Drug X,2025-02-05
DRUGX01,SITE04,S080,59,F,BLACK OR AFRICAN AMERICAN,Placebo,2025-03-15
