STUDYID,SUBJID,EXTRT,EXDOSE,EXDOSU,EXSTDTC,EXENDTC
DRUGX01,S001,Placebo,0,mg,2025-01-25,2025-04-19
DRUGX01,S002,Placebo,0,mg,2025-03-26,2025-06-17
DRUGX01,S003,Drug X,10,mg,2025-03-26,2025-05-22
DRUGX01,S004,Drug X,10,mg,2025-02-08,2025-05-01
DRUGX01,S005,Placebo,0,mg,2025-03-23,2025-06-14
DRUGX01,S006,Drug X,10,mg,2025-02-12,2025-05-07
DRUGX01,S007,Drug X,10,mg,2025-03-24,2025-06-15
DRUGX01,S008,Drug X,10,mg,2025-03-15,2025-06-05
DRUGX01,S009,Drug X,10,mg,2025-01-18,2025-04-13
DRUGX01,S010,Drug X,10,mg,2025-01-16,2025-04-09
DRUGX01,S011,Drug X,10,mg,2025-03-02,2025-05-24
DRUGX01,S012,Placebo,0,mg,2025-01-26,2025-04-20
DRUGX01,S013,Drug X,10,mg,2025-03-09,2025-05-30
DRUGX01,S014,Drug X,10,mg,2025-03-13,2025-05-10
DRUGX01,S015,Drug X,10,mg,2025-02-19,2025-04-14
DRUGX01,S016,Drug X,10,mg,2025-03-13,2025-06-03
DRUGX01,S017,Drug X,10,mg,2025-02-19,2025-05-15
DRUGX01,S018,Placebo,0,mg,2025-02-23,2025-04-22
DRUGX01,S019,Placebo,0,mg,2025-01-23,2025-04-15
DRUGX01,S020,Drug X,10,mg,2025-02-24,2025-05-20
DRUGX01,S021,Drug X,10,mg,2025-01-19,2025-04-15
DRUGX01,S022,Placebo,0,mg,2025-02-27,2025-05-21
DRUGX01,S023,Placebo,0,mg,2025-03-13,2025-06-04
DRUGX01,S024,Drug X,10,mg,2025-03-12,2025-06-04
DRUGX01,S025,Placebo,0,mg,2025-01-18,2025-04-10
DRUGX01,S026,Placebo,0,mg,2025-03-14,2025-06-05
DRUGX01,S027,Drug X,10,mg,2025-03-08,2025-06-02
DRUGX01,S028,Drug X,10,mg,2025-01-18,2025-04-13
DRUGX01,S029,Placebo,0,mg,2025-01-12,2025-04-06
DRUGX01,S030,Drug X,10,mg,2025-03-02,2025-05-25
DRUGX01,S031,Drug X,10,mg,2025-02-10,2025-05-07
DRUGX01,S032,Drug X,10,mg,2025-02-17,2025-05-12
DRUGX01,S033,Drug X,10,mg,2025-01-08,2025-04-01
DRUGX01,S034,Drug X,10,mg,2025-01-26,2025-04-18
DRUGX01,S035,Placebo,0,mg,2025-03-03,2025-05-25
DRUGX01,S036,Placebo,0,mg,2025-02-28,2025-05-24
DRUGX01,S037,Drug X,10,mg,2025-01-30,2025-04-22
DRUGX01,S038,Placebo,0,mg,2025-02-04,2025-04-29
DRUGX01,S039,Placebo,0,mg,2025-02-14,2025-05-09
DRUGX01,S040,Placebo,0,mg,2025-02-03,2025-04-26
DRUGX01,S041,Drug X,10,mg,2025-01-30,2025-04-26
DRUGX01,S042,Placebo,0,mg,2025-02-01,2025-04-27
DRUGX01,S043,Drug X,10,mg,2025-02-18,2025-05-14
DRUGX01,S044,Placebo,0,mg,2025-02-22,2025-05-15
DRUGX01,S045,Placebo,0,mg,2025-03-02,2025-05-26
DRUGX01,S046,Placebo,0,mg,2025-01-27,2025-04-22
DRUGX01,S047,Placebo,0,mg,2025-01-20,2025-04-16
DRUGX01,S048,Placebo,0,mg,2025-02-01,2025-04-28
DRUGX01,S049,Placebo,0,mg,2025-03-13,2025-06-06
DRUGX01,S050,Placebo,0,mg,2025-03-18,2025-06-09
DRUGX01,S051,Drug X,10,mg,2025-03-13,2025-05-09
DRUGX01,S052,Placebo,0,mg,2025-02-08,2025-05-01
DRUGX01,S053,Placebo,0,mg,2025-03-27,2025-06-20
DRUGX01,S054,Placebo,0,mg,2025-02-23,2025-05-20
DRUGX01,S055,Drug X,10,mg,2025-02-07,2025-05-04
DRUGX01,S056,Placebo,0,mg,2025-02-24,2025-05-20
DRUGX01,S057,Drug X,10,mg,2025-03-21,2025-06-14
DRUGX01,S058,Placebo,0,mg,2025-02-11,2025-05-07
DRUGX01,S059,Placebo,0,mg,2025-01-13,2025-04-07
DRUGX01,S060,Placebo,0,mg,2025-02-01,2025-04-27
DRUGX01,S061,Placebo,0,mg,2025-03-31,2025-06-25
DRUGX01,S062,Drug X,10,mg,2025-02-14,2025-05-07
DRUGX01,S063,Drug X,10,mg,2025-01-24,2025-04-16
DRUGX01,S064,Drug X,10,mg,2025-03-21,2025-06-12
DRUGX01,S065,Drug X,10,mg,2025-02-06,2025-04-05
DRUGX01,S066,Placebo,0,mg,2025-02-02,2025-04-28
DRUGX01,S067,Drug X,10,mg,2025-01-13,2025-04-08
DRUGX01,S068,Drug X,10,mg,2025-03-27,2025-06-17
DRUGX01,S069,Placebo,0,mg,2025-03-17,2025-06-08
DRUGX01,S070,Placebo,0,mg,2025-02-08,2025-05-05
DRUGX01,S071,Drug X,10,mg,2025-02-16,2025-05-11
DRUGX01,S072,Drug X,10,mg,2025-01-27,2025-04-23
DRUGX01,S073,Drug X,10,mg,2025-03-28,2025-06-18
DRUGX01,S074,Placebo,0,mg,2025-03-25,2025-06-17
DRUGX01,S075,Placebo,0,mg,2025-01-18,2025-04-12
DRUGX01,S076,Placebo,0,mg,2025-01-26,2025-04-20
DRUGX01,S077,Drug X,10,mg,2025-03-22,2025-06-12
DRUGX01,S078,Placebo,0,mg,2025-01-24,2025-04-19
DRUGX01,S079,Drug X,10,mg,2025-02-05,2025-04-30
DRUGX01,S080,Placebo,0,mg,2025-03-15,2025-06-06
