STUDYID,SUBJID,LBTESTCD,LBTEST,LBORRES,LBORRESU,VISIT,LBDTC
DRUGX01,S001,GLUC,Glucose,147.7,mg/dL,Screening,2025-01-11
DRUGX01,S001,GLUC,Glucose,154.2,mg/dL,Baseline,2025-01-25
DRUGX01,S001,GLUC,Glucose,144.0,mg/dL,Week 4,2025-02-21
DRUGX01,S001,GLUC,Glucose,141.6,mg/dL,Week 8,2025-03-22
DRUGX01,S001,GLUC,Glucose,147.4,mg/dL,Week 12,2025-04-17
DRUGX01,S002,GLUC,Glucose,200.3,mg/dL,Screening,2025-03-12
DRUGX01,S002,GLUC,Glucose,198.2,mg/dL,Baseline,2025-03-26
DRUGX01,S002,GLUC,Glucose,192.7,mg/dL,Week 4,2025-04-23
DRUGX01,S002,GLUC,Glucose,201.4,mg/dL,Week 8,2025-05-19
DRUGX01,S002,GLUC,Glucose,200.1,mg/dL,Week 12,2025-06-17
DRUGX01,S003,GLUC,Glucose,178.3,mg/dL,Screening,2025-03-12
DRUGX01,S003,GLUC,Glucose,189.9,mg/dL,Baseline,2025-03-26
DRUGX01,S003,GLUC,Glucose,172.2,mg/dL,Week 4,2025-04-24
DRUGX01,S003,GLUC,Glucose,161.5,mg/dL,Week 8,2025-05-23
DRUGX01,S004,GLUC,Glucose,154.8,mg/dL,Screening,2025-01-25
DRUGX01,S004,GLUC,Glucose,154.2,mg/dL,Baseline,2025-02-08
DRUGX01,S004,GLUC,Glucose,145.9,mg/dL,Week 4,2025-03-09
DRUGX01,S004,GLUC,Glucose,144.3,mg/dL,Week 8,2025-04-06
DRUGX01,S004,GLUC,Glucose,102.9,mg/dL,Week 12,2025-05-05
DRUGX01,S005,GLUC,Glucose,197.0,mg/dL,Screening,2025-03-09
DRUGX01,S005,GLUC,Glucose,191.3,mg/dL,Baseline,2025-03-23
DRUGX01,S005,GLUC,Glucose,196.1,mg/dL,Week 4,2025-04-20
DRUGX01,S005,GLUC,Glucose,181.3,mg/dL,Week 8,2025-05-17
DRUGX01,S005,GLUC,Glucose,186.5,mg/dL,Week 12,2025-06-17
DRUGX01,S006,GLUC,Glucose,132.8,mg/dL,Screening,2025-01-29
DRUGX01,S006,GLUC,Glucose,137.5,mg/dL,Baseline,2025-02-12
DRUGX01,S006,GLUC,Glucose,126.4,mg/dL,Week 4,2025-03-10
DRUGX01,S006,GLUC,Glucose,133.6,mg/dL,Week 8,2025-04-09
DRUGX01,S006,GLUC,Glucose,115.1,mg/dL,Week 12,2025-05-09
DRUGX01,S007,GLUC,Glucose,192.7,mg/dL,Screening,2025-03-10
DRUGX01,S007,GLUC,Glucose,195.4,mg/dL,Baseline,2025-03-24
DRUGX01,S007,GLUC,Glucose,167.8,mg/dL,Week 4,2025-04-19
DRUGX01,S007,GLUC,Glucose,164.4,mg/dL,Week 8,2025-05-21
DRUGX01,S007,GLUC,Glucose,177.1,mg/dL,Week 12,2025-06-17
DRUGX01,S008,GLUC,Glucose,187.7,mg/dL,Screening,2025-03-01
DRUGX01,S008,GLUC,Glucose,188.5,mg/dL,Baseline,2025-03-15
DRUGX01,S008,GLUC,Glucose,176.1,mg/dL,Week 4,2025-04-10
DRUGX01,S008,GLUC,Glucose,164.9,mg/dL,Week 8,2025-05-09
DRUGX01,S008,GLUC,Glucose,159.0,mg/dL,Week 12,2025-06-07
DRUGX01,S009,GLUC,Glucose,199.1,mg/dL,Screening,2025-01-04
DRUGX01,S009,GLUC,Glucose,191.2,mg/dL,Baseline,2025-01-18
DRUGX01,S009,GLUC,Glucose,166.6,mg/dL,Week 4,2025-02-16
DRUGX01,S009,GLUC,Glucose,151.1,mg/dL,Week 8,2025-03-14
DRUGX01,S009,GLUC,Glucose,154.6,mg/dL,Week 12,2025-04-13
DRUGX01,S010,GLUC,Glucose,197.7,mg/dL,Screening,2025-01-02
DRUGX01,S010,GLUC,Glucose,177.9,mg/dL,Baseline,2025-01-16
DRUGX01,S010,GLUC,Glucose,176.3,mg/dL,Week 4,2025-02-12
DRUGX01,S010,GLUC,Glucose,141.7,mg/dL,Week 8,2025-03-11
DRUGX01,S010,GLUC,Glucose,147.0,mg/dL,Week 12,2025-04-09
DRUGX01,S011,GLUC,Glucose,166.2,mg/dL,Screening,2025-02-16
DRUGX01,S011,GLUC,Glucose,163.4,mg/dL,Baseline,2025-03-02
DRUGX01,S011,GLUC,Glucose,131.6,mg/dL,Week 4,2025-03-30
DRUGX01,S011,GLUC,Glucose,120.2,mg/dL,Week 8,2025-04-26
DRUGX01,S011,GLUC,Glucose,150.9,mg/dL,Week 12,2025-05-25
DRUGX01,S012,GLUC,Glucose,178.8,mg/dL,Screening,2025-01-12
DRUGX01,S012,GLUC,Glucose,178.0,mg/dL,Baseline,2025-01-26
DRUGX01,S012,GLUC,Glucose,160.5,mg/dL,Week 4,2025-02-25
DRUGX01,S012,GLUC,Glucose,166.8,mg/dL,Week 8,2025-03-21
DRUGX01,S012,GLUC,Glucose,162.1,mg/dL,Week 12,2025-04-21
DRUGX01,S013,GLUC,Glucose,167.9,mg/dL,Screening,2025-02-23
DRUGX01,S013,GLUC,Glucose,167.0,mg/dL,Baseline,2025-03-09
DRUGX01,S013,GLUC,Glucose,144.0,mg/dL,Week 4,2025-04-07
DRUGX01,S013,GLUC,Glucose,141.7,mg/dL,Week 8,2025-05-02
DRUGX01,S013,GLUC,Glucose,146.8,mg/dL,Week 12,2025-06-02
DRUGX01,S014,GLUC,Glucose,154.2,mg/dL,Screening,2025-02-27
DRUGX01,S014,GLUC,Glucose,153.2,mg/dL,Baseline,2025-03-13
DRUGX01,S014,GLUC,Glucose,137.8,mg/dL,Week 4,2025-04-10
DRUGX01,S014,GLUC,Glucose,149.4,mg/dL,Week 8,2025-05-10
DRUGX01,S015,GLUC,Glucose,162.9,mg/dL,Screening,2025-02-05
DRUGX01,S015,GLUC,Glucose,172.2,mg/dL,Baseline,2025-02-19
DRUGX01,S015,GLUC,Glucose,154.8,mg/dL,Week 4,2025-03-17
DRUGX01,S015,GLUC,Glucose,160.8,mg/dL,Week 8,2025-04-18
DRUGX01,S016,GLUC,Glucose,117.1,mg/dL,Screening,2025-02-27
DRUGX01,S016,GLUC,Glucose,123.3,mg/dL,Baseline,2025-03-13
DRUGX01,S016,GLUC,Glucose,113.7,mg/dL,Week 4,2025-04-08
DRUGX01,S016,GLUC,Glucose,106.7,mg/dL,Week 8,2025-05-08
DRUGX01,S016,GLUC,Glucose,101.7,mg/dL,Week 12,2025-06-07
DRUGX01,S017,GLUC,Glucose,185.6,mg/dL,Screening,2025-02-05
DRUGX01,S017,GLUC,Glucose,187.6,mg/dL,Baseline,2025-02-19
DRUGX01,S017,GLUC,Glucose,174.7,mg/dL,Week 4,2025-03-18
DRUGX01,S017,GLUC,Glucose,148.1,mg/dL,Week 8,2025-04-15
DRUGX01,S017,GLUC,Glucose,156.7,mg/dL,Week 12,2025-05-14
DRUGX01,S018,GLUC,Glucose,171.9,mg/dL,Screening,2025-02-09
DRUGX01,S018,GLUC,Glucose,168.1,mg/dL,Baseline,2025-02-23
DRUGX01,S018,GLUC,Glucose,173.9,mg/dL,Week 4,2025-03-22
DRUGX01,S018,GLUC,Glucose,167.3,mg/dL,Week 8,2025-04-18
DRUGX01,S019,GLUC,Glucose,160.3,mg/dL,Screening,2025-01-09
DRUGX01,S019,GLUC,Glucose,162.7,mg/dL,Baseline,2025-01-23
DRUGX01,S019,GLUC,Glucose,149.0,mg/dL,Week 4,2025-02-18
DRUGX01,S019,GLUC,Glucose,163.3,mg/dL,Week 8,2025-03-19
DRUGX01,S019,GLUC,Glucose,144.1,mg/dL,Week 12,2025-04-17
DRUGX01,S020,GLUC,Glucose,164.7,mg/dL,Screening,2025-02-10
DRUGX01,S020,GLUC,Glucose,181.4,mg/dL,Baseline,2025-02-24
DRUGX01,S020,GLUC,Glucose,155.5,mg/dL,Week 4,2025-03-24
DRUGX01,S020,GLUC,Glucose,142.6,mg/dL,Week 8,2025-04-23
DRUGX01,S020,GLUC,Glucose,160.6,mg/dL,Week 12,2025-05-19
DRUGX01,S021,GLUC,Glucose,197.5,mg/dL,Screening,2025-01-05
DRUGX01,S021,GLUC,Glucose,202.0,mg/dL,Baseline,2025-01-19
DRUGX01,S021,GLUC,Glucose,172.0,mg/dL,Week 4,2025-02-18
DRUGX01,S021,GLUC,Glucose,161.3,mg/dL,Week 8,2025-03-18
DRUGX01,S021,GLUC,Glucose,174.8,mg/dL,Week 12,2025-04-14
DRUGX01,S022,GLUC,Glucose,138.0,mg/dL,Screening,2025-02-13
DRUGX01,S022,GLUC,Glucose,130.5,mg/dL,Baseline,2025-02-27
DRUGX01,S022,GLUC,Glucose,131.6,mg/dL,Week 4,2025-03-26
DRUGX01,S022,GLUC,Glucose,159.4,mg/dL,Week 8,2025-04-25
DRUGX01,S022,GLUC,Glucose,126.4,mg/dL,Week 12,2025-05-24
DRUGX01,S023,GLUC,Glucose,171.4,mg/dL,Screening,2025-02-27
DRUGX01,S023,GLUC,Glucose,176.0,mg/dL,Baseline,2025-03-13
DRUGX01,S023,GLUC,Glucose,177.3,mg/dL,Week 4,2025-04-10
DRUGX01,S023,GLUC,Glucose,182.7,mg/dL,Week 8,2025-05-08
DRUGX01,S023,GLUC,Glucose,179.1,mg/dL,Week 12,2025-06-05
DRUGX01,S024,GLUC,Glucose,161.5,mg/dL,Screening,2025-02-26
DRUGX01,S024,GLUC,Glucose,158.2,mg/dL,Baseline,2025-03-12
DRUGX01,S024,GLUC,Glucose,149.3,mg/dL,Week 4,2025-04-07
DRUGX01,S024,GLUC,Glucose,142.0,mg/dL,Week 8,2025-05-06
DRUGX01,S024,GLUC,Glucose,125.9,mg/dL,Week 12,2025-06-03
DRUGX01,S025,GLUC,Glucose,208.5,mg/dL,Screening,2025-01-04
DRUGX01,S025,GLUC,Glucose,198.1,mg/dL,Baseline,2025-01-18
DRUGX01,S025,GLUC,Glucose,203.7,mg/dL,Week 4,2025-02-17
DRUGX01,S025,GLUC,Glucose,174.4,mg/dL,Week 8,2025-03-13
DRUGX01,S025,GLUC,Glucose,180.2,mg/dL,Week 12,2025-04-13
DRUGX01,S026,GLUC,Glucose,171.8,mg/dL,Screening,2025-02-28
DRUGX01,S026,GLUC,Glucose,169.7,mg/dL,Baseline,2025-03-14
DRUGX01,S026,GLUC,Glucose,166.2,mg/dL,Week 4,2025-04-10
DRUGX01,S026,GLUC,Glucose,167.5,mg/dL,Week 8,2025-05-09
DRUGX01,S026,GLUC,Glucose,150.3,mg/dL,Week 12,2025-06-05
DRUGX01,S027,GLUC,Glucose,159.2,mg/dL,Screening,2025-02-22
DRUGX01,S027,GLUC,Glucose,146.8,mg/dL,Baseline,2025-03-08
DRUGX01,S027,GLUC,Glucose,136.0,mg/dL,Week 4,2025-04-05
DRUGX01,S027,GLUC,Glucose,133.3,mg/dL,Week 8,2025-05-02
DRUGX01,S027,GLUC,Glucose,105.0,mg/dL,Week 12,2025-06-02
DRUGX01,S028,GLUC,Glucose,121.9,mg/dL,Screening,2025-01-04
DRUGX01,S028,GLUC,Glucose,131.3,mg/dL,Baseline,2025-01-18
DRUGX01,S028,GLUC,Glucose,116.9,mg/dL,Week 4,2025-02-16
DRUGX01,S028,GLUC,Glucose,97.1,mg/dL,Week 8,2025-03-14
DRUGX01,S028,GLUC,Glucose,99.0,mg/dL,Week 12,2025-04-12
DRUGX01,S029,GLUC,Glucose,169.5,mg/dL,Screening,2024-12-29
DRUGX01,S029,GLUC,Glucose,174.4,mg/dL,Baseline,2025-01-12
DRUGX01,S029,GLUC,Glucose,172.0,mg/dL,Week 4,2025-02-10
DRUGX01,S029,GLUC,Glucose,199.3,mg/dL,Week 8,2025-03-07
DRUGX01,S029,GLUC,Glucose,148.8,mg/dL,Week 12,2025-04-06
DRUGX01,S030,GLUC,Glucose,169.7,mg/dL,Screening,2025-02-16
DRUGX01,S030,GLUC,Glucose,166.6,mg/dL,Baseline,2025-03-02
DRUGX01,S030,GLUC,Glucose,164.3,mg/dL,Week 4,2025-04-01
DRUGX01,S030,GLUC,Glucose,152.5,mg/dL,Week 8,2025-04-26
DRUGX01,S030,GLUC,Glucose,144.8,mg/dL,Week 12,2025-05-27
DRUGX01,S031,GLUC,Glucose,170.4,mg/dL,Screening,2025-01-27
DRUGX01,S031,GLUC,Glucose,170.1,mg/dL,Baseline,2025-02-10
DRUGX01,S031,GLUC,Glucose,155.8,mg/dL,Week 4,2025-03-08
DRUGX01,S031,GLUC,Glucose,148.5,mg/dL,Week 8,2025-04-07
DRUGX01,S031,GLUC,Glucose,134.2,mg/dL,Week 12,2025-05-03
DRUGX01,S032,GLUC,Glucose,164.4,mg/dL,Screening,2025-02-03
DRUGX01,S032,GLUC,Glucose,164.3,mg/dL,Baseline,2025-02-17
DRUGX01,S032,GLUC,Glucose,157.4,mg/dL,Week 4,2025-03-17
DRUGX01,S032,GLUC,Glucose,138.4,mg/dL,Week 8,2025-04-14
DRUGX01,S032,GLUC,Glucose,120.1,mg/dL,Week 12,2025-05-14
DRUGX01,S033,GLUC,Glucose,153.7,mg/dL,Screening,2024-12-25
DRUGX01,S033,GLUC,Glucose,151.0,mg/dL,Baseline,2025-01-08
DRUGX01,S033,GLUC,Glucose,117.0,mg/dL,Week 4,2025-02-06
DRUGX01,S033,GLUC,Glucose,137.6,mg/dL,Week 8,2025-03-04
DRUGX01,S033,GLUC,Glucose,113.0,mg/dL,Week 12,2025-04-03
DRUGX01,S034,GLUC,Glucose,182.8,mg/dL,Screening,2025-01-12
DRUGX01,S034,GLUC,Glucose,185.1,mg/dL,Baseline,2025-01-26
DRUGX01,S034,GLUC,Glucose,164.5,mg/dL,Week 4,2025-02-23
DRUGX01,S034,GLUC,Glucose,144.5,mg/dL,Week 8,2025-03-22
DRUGX01,S034,GLUC,Glucose,159.1,mg/dL,Week 12,2025-04-21
DRUGX01,S035,GLUC,Glucose,179.0,mg/dL,Screening,2025-02-17
DRUGX01,S035,GLUC,Glucose,179.7,mg/dL,Baseline,2025-03-03
DRUGX01,S035,GLUC,Glucose,190.6,mg/dL,Week 4,2025-03-31
DRUGX01,S035,GLUC,Glucose,183.9,mg/dL,Week 8,2025-04-29
DRUGX01,S035,GLUC,Glucose,180.5,mg/dL,Week 12,2025-05-27
DRUGX01,S036,GLUC,Glucose,138.7,mg/dL,Screening,2025-02-14
DRUGX01,S036,GLUC,Glucose,135.2,mg/dL,Baseline,2025-02-28
DRUGX01,S036,GLUC,Glucose,132.9,mg/dL,Week 4,2025-03-27
DRUGX01,S036,GLUC,Glucose,152.1,mg/dL,Week 8,2025-04-23
DRUGX01,S036,GLUC,Glucose,134.3,mg/dL,Week 12,2025-05-25
DRUGX01,S037,GLUC,Glucose,138.4,mg/dL,Screening,2025-01-16
DRUGX01,S037,GLUC,Glucose,141.1,mg/dL,Baseline,2025-01-30
DRUGX01,S037,GLUC,Glucose,152.0,mg/dL,Week 4,2025-02-28
DRUGX01,S037,GLUC,Glucose,115.9,mg/dL,Week 8,2025-03-28
DRUGX01,S037,GLUC,Glucose,126.4,mg/dL,Week 12,2025-04-24
DRUGX01,S038,GLUC,Glucose,182.7,mg/dL,Screening,2025-01-21
DRUGX01,S038,GLUC,Glucose,176.8,mg/dL,Baseline,2025-02-04
DRUGX01,S038,GLUC,Glucose,181.0,mg/dL,Week 4,2025-03-03
DRUGX01,S038,GLUC,Glucose,170.1,mg/dL,Week 8,2025-04-03
DRUGX01,S038,GLUC,Glucose,171.7,mg/dL,Week 12,2025-04-30
DRUGX01,S039,GLUC,Glucose,142.2,mg/dL,Screening,2025-01-31
DRUGX01,S039,GLUC,Glucose,140.1,mg/dL,Baseline,2025-02-14
DRUGX01,S039,GLUC,Glucose,131.9,mg/dL,Week 4,2025-03-16
DRUGX01,S039,GLUC,Glucose,141.7,mg/dL,Week 8,2025-04-10
DRUGX01,S039,GLUC,Glucose,138.0,mg/dL,Week 12,2025-05-08
DRUGX01,S040,GLUC,Glucose,161.1,mg/dL,Screening,2025-01-20
DRUGX01,S040,GLUC,Glucose,158.3,mg/dL,Baseline,2025-02-03
DRUGX01,S040,GLUC,Glucose,159.2,mg/dL,Week 4,2025-03-05
DRUGX01,S040,GLUC,Glucose,146.4,mg/dL,Week 8,2025-04-01
DRUGX01,S040,GLUC,Glucose,162.8,mg/dL,Week 12,2025-04-28
DRUGX01,S041,GLUC,Glucose,180.4,mg/dL,Screening,2025-01-16
DRUGX01,S041,GLUC,Glucose,178.4,mg/dL,Baseline,2025-01-30
DRUGX01,S041,GLUC,Glucose,164.0,mg/dL,Week 4,2025-02-25
DRUGX01,S041,GLUC,Glucose,141.7,mg/dL,Week 8,2025-03-26
DRUGX01,S041,GLUC,Glucose,138.4,mg/dL,Week 12,2025-04-23
DRUGX01,S042,GLUC,Glucose,141.2,mg/dL,Screening,2025-01-18
DRUGX01,S042,GLUC,Glucose,140.1,mg/dL,Baseline,2025-02-01
DRUGX01,S042,GLUC,Glucose,123.2,mg/dL,Week 4,2025-02-28
DRUGX01,S042,GLUC,Glucose,128.4,mg/dL,Week 8,2025-03-28
DRUGX01,S042,GLUC,Glucose,106.3,mg/dL,Week 12,2025-04-25
DRUGX01,S043,GLUC,Glucose,174.2,mg/dL,Screening,2025-02-04
DRUGX01,S043,GLUC,Glucose,168.3,mg/dL,Baseline,2025-02-18
DRUGX01,S043,GLUC,Glucose,147.0,mg/dL,Week 4,2025-03-18
DRUGX01,S043,GLUC,Glucose,128.5,mg/dL,Week 8,2025-04-13
DRUGX01,S043,GLUC,Glucose,121.9,mg/dL,Week 12,2025-05-13
DRUGX01,S044,GLUC,Glucose,170.7,mg/dL,Screening,2025-02-08
DRUGX01,S044,GLUC,Glucose,174.7,mg/dL,Baseline,2025-02-22
DRUGX01,S044,GLUC,Glucose,174.8,mg/dL,Week 4,2025-03-20
DRUGX01,S044,GLUC,Glucose,181.2,mg/dL,Week 8,2025-04-18
DRUGX01,S044,GLUC,Glucose,159.5,mg/dL,Week 12,2025-05-18
DRUGX01,S045,GLUC,Glucose,154.0,mg/dL,Screening,2025-02-16
DRUGX01,S045,GLUC,Glucose,162.2,mg/dL,Baseline,2025-03-02
DRUGX01,S045,GLUC,Glucose,167.8,mg/dL,Week 4,2025-03-30
DRUGX01,S045,GLUC,Glucose,158.5,mg/dL,Week 8,2025-04-29
DRUGX01,S045,GLUC,Glucose,169.6,mg/dL,Week 12,2025-05-23
DRUGX01,S046,GLUC,Glucose,138.8,mg/dL,Screening,2025-01-13
DRUGX01,S046,GLUC,Glucose,136.8,mg/dL,Baseline,2025-01-27
DRUGX01,S046,GLUC,Glucose,131.6,mg/dL,Week 4,2025-02-23
DRUGX01,S046,GLUC,Glucose,108.8,mg/dL,Week 8,2025-03-26
DRUGX01,S046,GLUC,Glucose,131.8,mg/dL,Week 12,2025-04-21
DRUGX01,S047,GLUC,Glucose,184.1,mg/dL,Screening,2025-01-06
DRUGX01,S047,GLUC,Glucose,183.2,mg/dL,Baseline,2025-01-20
DRUGX01,S047,GLUC,Glucose,184.0,mg/dL,Week 4,2025-02-19
DRUGX01,S047,GLUC,Glucose,180.7,mg/dL,Week 8,2025-03-15
DRUGX01,S047,GLUC,Glucose,175.4,mg/dL,Week 12,2025-04-14
DRUGX01,S048,GLUC,Glucose,168.9,mg/dL,Screening,2025-01-18
DRUGX01,S048,GLUC,Glucose,172.0,mg/dL,Baseline,2025-02-01
DRUGX01,S048,GLUC,Glucose,188.1,mg/dL,Week 4,2025-03-02
DRUGX01,S048,GLUC,Glucose,172.3,mg/dL,Week 8,2025-03-27
DRUGX01,S048,GLUC,Glucose,143.4,mg/dL,Week 12,2025-04-28
DRUGX01,S049,GLUC,Glucose,170.3,mg/dL,Screening,2025-02-27
DRUGX01,S049,GLUC,Glucose,164.8,mg/dL,Baseline,2025-03-13
DRUGX01,S049,GLUC,Glucose,171.7,mg/dL,Week 4,2025-04-12
DRUGX01,S049,GLUC,Glucose,171.8,mg/dL,Week 8,2025-05-07
DRUGX01,S049,GLUC,Glucose,158.3,mg/dL,Week 12,2025-06-05
DRUGX01,S050,GLUC,Glucose,174.8,mg/dL,Screening,2025-03-04
DRUGX01,S050,GLUC,Glucose,172.9,mg/dL,Baseline,2025-03-18
DRUGX01,S050,GLUC,Glucose,165.7,mg/dL,Week 4,2025-04-16
DRUGX01,S050,GLUC,Glucose,162.7,mg/dL,Week 8,2025-05-11
DRUGX01,S050,GLUC,Glucose,162.2,mg/dL,Week 12,2025-06-09
DRUGX01,S051,GLUC,Glucose,185.5,mg/dL,Screening,2025-02-27
DRUGX01,S051,GLUC,Glucose,178.4,mg/dL,Baseline,2025-03-13
DRUGX01,S051,GLUC,Glucose,184.2,mg/dL,Week 4,2025-04-09
DRUGX01,S051,GLUC,Glucose,166.7,mg/dL,Week 8,2025-05-06
DRUGX01,S052,GLUC,Glucose,185.4,mg/dL,Screening,2025-01-25
DRUGX01,S052,GLUC,Glucose,185.6,mg/dL,Baseline,2025-02-08
DRUGX01,S052,GLUC,Glucose,174.8,mg/dL,Week 4,2025-03-10
DRUGX01,S052,GLUC,Glucose,182.4,mg/dL,Week 8,2025-04-03
DRUGX01,S052,GLUC,Glucose,193.8,mg/dL,Week 12,2025-05-05
DRUGX01,S053,GLUC,Glucose,168.0,mg/dL,Screening,2025-03-13
DRUGX01,S053,GLUC,Glucose,173.4,mg/dL,Baseline,2025-03-27
DRUGX01,S053,GLUC,Glucose,158.4,mg/dL,Week 4,2025-04-25
DRUGX01,S053,GLUC,Glucose,161.8,mg/dL,Week 8,2025-05-20
DRUGX01,S053,GLUC,Glucose,160.2,mg/dL,Week 12,2025-06-19
DRUGX01,S054,GLUC,Glucose,168.0,mg/dL,Screening,2025-02-09
DRUGX01,S054,GLUC,Glucose,166.2,mg/dL,Baseline,2025-02-23
DRUGX01,S054,GLUC,Glucose,161.2,mg/dL,Week 4,2025-03-21
DRUGX01,S054,GLUC,Glucose,154.6,mg/dL,Week 8,2025-04-22
DRUGX01,S054,GLUC,Glucose,161.0,mg/dL,Week 12,2025-05-18
DRUGX01,S055,GLUC,Glucose,147.0,mg/dL,Screening,2025-01-24
DRUGX01,S055,GLUC,Glucose,159.2,mg/dL,Baseline,2025-02-07
DRUGX01,S055,GLUC,Glucose,138.3,mg/dL,Week 4,2025-03-07
DRUGX01,S055,GLUC,Glucose,146.4,mg/dL,Week 8,2025-04-02
DRUGX01,S055,GLUC,Glucose,132.1,mg/dL,Week 12,2025-05-01
DRUGX01,S056,GLUC,Glucose,156.0,mg/dL,Screening,2025-02-10
DRUGX01,S056,GLUC,Glucose,146.3,mg/dL,Baseline,2025-02-24
DRUGX01,S056,GLUC,Glucose,146.0,mg/dL,Week 4,2025-03-24
DRUGX01,S056,GLUC,Glucose,113.7,mg/dL,Week 8,2025-04-21
DRUGX01,S056,GLUC,Glucose,150.2,mg/dL,Week 12,2025-05-19
DRUGX01,S057,GLUC,Glucose,202.5,mg/dL,Screening,2025-03-07
DRUGX01,S057,GLUC,Glucose,199.3,mg/dL,Baseline,2025-03-21
DRUGX01,S057,GLUC,Glucose,171.2,mg/dL,Week 4,2025-04-17
DRUGX01,S057,GLUC,Glucose,172.7,mg/dL,Week 8,2025-05-18
DRUGX01,S057,GLUC,Glucose,163.1,mg/dL,Week 12,2025-06-13
DRUGX01,S058,GLUC,Glucose,156.9,mg/dL,Screening,2025-01-28
DRUGX01,S058,GLUC,Glucose,145.8,mg/dL,Baseline,2025-02-11
DRUGX01,S058,GLUC,Glucose,141.0,mg/dL,Week 4,2025-03-10
DRUGX01,S058,GLUC,Glucose,136.5,mg/dL,Week 8,2025-04-08
DRUGX01,S058,GLUC,Glucose,154.7,mg/dL,Week 12,2025-05-05
DRUGX01,S059,GLUC,Glucose,148.2,mg/dL,Screening,2024-12-30
DRUGX01,S059,GLUC,Glucose,146.6,mg/dL,Baseline,2025-01-13
DRUGX01,S059,GLUC,Glucose,135.0,mg/dL,Week 4,2025-02-09
DRUGX01,S059,GLUC,Glucose,147.1,mg/dL,Week 8,2025-03-09
DRUGX01,S059,GLUC,Glucose,138.8,mg/dL,Week 12,2025-04-05
DRUGX01,S060,GLUC,Glucose,175.3,mg/dL,Screening,2025-01-18
DRUGX01,S060,GLUC,Glucose,174.8,mg/dL,Baseline,2025-02-01
DRUGX01,S060,GLUC,Glucose,187.3,mg/dL,Week 4,2025-03-02
DRUGX01,S060,GLUC,Glucose,157.7,mg/dL,Week 8,2025-03-29
DRUGX01,S060,GLUC,Glucose,182.8,mg/dL,Week 12,2025-04-28
DRUGX01,S061,GLUC,Glucose,197.8,mg/dL,Screening,2025-03-17
DRUGX01,S061,GLUC,Glucose,190.6,mg/dL,Baseline,2025-03-31
DRUGX01,S061,GLUC,Glucose,173.8,mg/dL,Week 4,2025-04-26
DRUGX01,S061,GLUC,Glucose,189.1,mg/dL,Week 8,2025-05-28
DRUGX01,S061,GLUC,Glucose,184.3,mg/dL,Week 12,2025-06-22
DRUGX01,S062,GLUC,Glucose,168.8,mg/dL,Screening,2025-01-31
DRUGX01,S062,GLUC,Glucose,170.5,mg/dL,Baseline,2025-02-14
DRUGX01,S062,GLUC,Glucose,154.1,mg/dL,Week 4,2025-03-16
DRUGX01,S062,GLUC,Glucose,157.9,mg/dL,Week 8,2025-04-13
DRUGX01,S062,GLUC,Glucose,129.4,mg/dL,Week 12,2025-05-10
DRUGX01,S063,GLUC,Glucose,156.6,mg/dL,Screening,2025-01-10
DRUGX01,S063,GLUC,Glucose,162.7,mg/dL,Baseline,2025-01-24
DRUGX01,S063,GLUC,Glucose,157.3,mg/dL,Week 4,2025-02-21
DRUGX01,S063,GLUC,Glucose,143.3,mg/dL,Week 8,2025-03-20
DRUGX01,S063,GLUC,Glucose,130.1,mg/dL,Week 12,2025-04-19
DRUGX01,S064,GLUC,Glucose,191.3,mg/dL,Screening,2025-03-07
DRUGX01,S064,GLUC,Glucose,182.3,mg/dL,Baseline,2025-03-21
DRUGX01,S064,GLUC,Glucose,163.9,mg/dL,Week 4,2025-04-19
DRUGX01,S064,GLUC,Glucose,150.6,mg/dL,Week 8,2025-05-15
DRUGX01,S064,GLUC,Glucose,143.4,mg/dL,Week 12,2025-06-15
DRUGX01,S065,GLUC,Glucose,167.0,mg/dL,Screening,2025-01-23
DRUGX01,S065,GLUC,Glucose,166.0,mg/dL,Baseline,2025-02-06
DRUGX01,S065,GLUC,Glucose,156.9,mg/dL,Week 4,2025-03-07
DRUGX01,S065,GLUC,Glucose,133.3,mg/dL,Week 8,2025-04-03
DRUGX01,S066,GLUC,Glucose,158.5,mg/dL,Screening,2025-01-19
DRUGX01,S066,GLUC,Glucose,153.3,mg/dL,Baseline,2025-02-02
DRUGX01,S066,GLUC,Glucose,148.8,mg/dL,Week 4,2025-02-28
DRUGX01,S066,GLUC,Glucose,161.1,mg/dL,Week 8,2025-03-30
DRUGX01,S066,GLUC,Glucose,128.7,mg/dL,Week 12,2025-04-26
DRUGX01,S067,GLUC,Glucose,159.5,mg/dL,Screening,2024-12-30
DRUGX01,S067,GLUC,Glucose,150.7,mg/dL,Baseline,2025-01-13
DRUGX01,S067,GLUC,Glucose,142.2,mg/dL,Week 4,2025-02-10
DRUGX01,S067,GLUC,Glucose,129.2,mg/dL,Week 8,2025-03-12
DRUGX01,S067,GLUC,Glucose,107.0,mg/dL,Week 12,2025-04-06
DRUGX01,S068,GLUC,Glucose,169.9,mg/dL,Screening,2025-03-13
DRUGX01,S068,GLUC,Glucose,162.3,mg/dL,Baseline,2025-03-27
DRUGX01,S068,GLUC,Glucose,146.5,mg/dL,Week 4,2025-04-25
DRUGX01,S068,GLUC,Glucose,136.3,mg/dL,Week 8,2025-05-24
DRUGX01,S068,GLUC,Glucose,121.4,mg/dL,Week 12,2025-06-20
DRUGX01,S069,GLUC,Glucose,148.4,mg/dL,Screening,2025-03-03
DRUGX01,S069,GLUC,Glucose,146.2,mg/dL,Baseline,2025-03-17
DRUGX01,S069,GLUC,Glucose,147.9,mg/dL,Week 4,2025-04-15
DRUGX01,S069,GLUC,Glucose,139.9,mg/dL,Week 8,2025-05-14
DRUGX01,S069,GLUC,Glucose,131.8,mg/dL,Week 12,2025-06-07
DRUGX01,S070,GLUC,Glucose,164.9,mg/dL,Screening,2025-01-25
DRUGX01,S070,GLUC,Glucose,169.5,mg/dL,Baseline,2025-02-08
DRUGX01,S070,GLUC,Glucose,160.1,mg/dL,Week 4,2025-03-09
DRUGX01,S070,GLUC,Glucose,159.8,mg/dL,Week 8,2025-04-07
DRUGX01,S070,GLUC,Glucose,161.7,mg/dL,Week 12,2025-05-03
DRUGX01,S071,GLUC,Glucose,178.0,mg/dL,Screening,2025-02-02
DRUGX01,S071,GLUC,Glucose,167.8,mg/dL,Baseline,2025-02-16
DRUGX01,S071,GLUC,Glucose,159.0,mg/dL,Week 4,2025-03-15
DRUGX01,S071,GLUC,Glucose,154.8,mg/dL,Week 8,2025-04-14
DRUGX01,S071,GLUC,Glucose,138.9,mg/dL,Week 12,2025-05-13
DRUGX01,S072,GLUC,Glucose,135.9,mg/dL,Screening,2025-01-13
DRUGX01,S072,GLUC,Glucose,139.8,mg/dL,Baseline,2025-01-27
DRUGX01,S072,GLUC,Glucose,146.0,mg/dL,Week 4,2025-02-23
DRUGX01,S072,GLUC,Glucose,136.3,mg/dL,Week 8,2025-03-24
DRUGX01,S072,GLUC,Glucose,102.2,mg/dL,Week 12,2025-04-21
DRUGX01,S073,GLUC,Glucose,162.3,mg/dL,Screening,2025-03-14
DRUGX01,S073,GLUC,Glucose,152.6,mg/dL,Baseline,2025-03-28
DRUGX01,S073,GLUC,Glucose,126.5,mg/dL,Week 4,2025-04-24
DRUGX01,S073,GLUC,Glucose,138.5,mg/dL,Week 8,2025-05-24
DRUGX01,S073,GLUC,Glucose,135.4,mg/dL,Week 12,2025-06-22
DRUGX01,S074,GLUC,Glucose,165.2,mg/dL,Screening,2025-03-11
DRUGX01,S074,GLUC,Glucose,163.9,mg/dL,Baseline,2025-03-25
DRUGX01,S074,GLUC,Glucose,170.6,mg/dL,Week 4,2025-04-23
DRUGX01,S074,GLUC,Glucose,163.1,mg/dL,Week 8,2025-05-20
DRUGX01,S074,GLUC,Glucose,140.4,mg/dL,Week 12,2025-06-16
DRUGX01,S075,GLUC,Glucose,155.0,mg/dL,Screening,2025-01-04
DRUGX01,S075,GLUC,Glucose,148.7,mg/dL,Baseline,2025-01-18
DRUGX01,S075,GLUC,Glucose,129.4,mg/dL,Week 4,2025-02-13
DRUGX01,S075,GLUC,Glucose,169.0,mg/dL,Week 8,2025-03-15
DRUGX01,S075,GLUC,Glucose,155.8,mg/dL,Week 12,2025-04-10
DRUGX01,S076,GLUC,Glucose,153.4,mg/dL,Screening,2025-01-12
DRUGX01,S076,GLUC,Glucose,147.6,mg/dL,Baseline,2025-01-26
DRUGX01,S076,GLUC,Glucose,138.2,mg/dL,Week 4,2025-02-22
DRUGX01,S076,GLUC,Glucose,141.4,mg/dL,Week 8,2025-03-22
DRUGX01,S076,GLUC,Glucose,155.2,mg/dL,Week 12,2025-04-22
DRUGX01,S077,GLUC,Glucose,165.7,mg/dL,Screening,2025-03-08
DRUGX01,S077,GLUC,Glucose,175.4,mg/dL,Baseline,2025-03-22
DRUGX01,S077,GLUC,Glucose,162.3,mg/dL,Week 4,2025-04-18
DRUGX01,S077,GLUC,Glucose,144.9,mg/dL,Week 8,2025-05-15
DRUGX01,S077,GLUC,Glucose,152.3,mg/dL,Week 12,2025-06-14
DRUGX01,S078,GLUC,Glucose,191.4,mg/dL,Screening,2025-01-10
DRUGX01,S078,GLUC,Glucose,186.0,mg/dL,Baseline,2025-01-24
DRUGX01,S078,GLUC,Glucose,193.8,mg/dL,Week 4,2025-02-20
DRUGX01,S078,GLUC,Glucose,193.9,mg/dL,Week 8,2025-03-22
DRUGX01,S078,GLUC,Glucose,172.6,mg/dL,Week 12,2025-04-19
DRUGX01,S079,GLUC,Glucose,175.1,mg/dL,Screening,2025-01-22
DRUGX01,S079,GLUC,Glucose,169.4,mg/dL,Baseline,2025-02-05
DRUGX01,S079,GLUC,Glucose,167.7,mg/dL,Week 4,2025-03-04
DRUGX01,S079,GLUC,Glucose,124.2,mg/dL,Week 8,2025-04-02
DRUGX01,S079,GLUC,Glucose,141.5,mg/dL,Week 12,2025-04-30
DRUGX01,S080,GLUC,Glucose,178.5,mg/dL,Screening,2025-03-01
DRUGX01,S080,GLUC,Glucose,169.9,mg/dL,Baseline,2025-03-15
DRUGX01,S080,GLUC,Glucose,170.5,mg/dL,Week 4,2025-04-14
DRUGX01,S080,GLUC,Glucose,160.5,mg/dL,Week 8,2025-05-08
DRUGX01,S080,GLUC,Glucose,146.6,mg/dL,Week 12,2025-06-06
