USUBJID,AVISIT,AVAL,ADT,BASE,TRT01P,CHG
DRUGX01-S003,Screening,178.3,12MAR2025,189.9,Drug X,
DRUGX01-S003,Baseline,189.9,26MAR2025,189.9,Drug X,
DRUGX01-S003,Week 4,172.2,24APR2025,189.9,Drug X,-17.7
DRUGX01-S003,Week 8,161.5,23MAY2025,189.9,Drug X,-28.4
DRUGX01-S004,Screening,154.8,25JAN2025,154.2,Drug X,
DRUGX01-S004,Baseline,154.2,08FEB2025,154.2,Drug X,
DRUGX01-S004,Week 4,145.9,09MAR2025,154.2,Drug X,-8.3
DRUGX01-S004,Week 8,144.3,06APR2025,154.2,Drug X,-9.9
DRUGX01-S004,Week 12,102.9,05MAY2025,154.2,Drug X,-51.3
DRUGX01-S006,Screening,132.8,29JAN2025,137.5,Drug X,
DRUGX01-S006,Baseline,137.5,12FEB2025,137.5,Drug X,
DRUGX01-S006,Week 4,126.4,10MAR2025,137.5,Drug X,-11.1
DRUGX01-S006,Week 8,133.6,09APR2025,137.5,Drug X,-3.9
DRUGX01-S006,Week 12,115.1,09MAY2025,137.5,Drug X,-22.4
DRUGX01-S007,Screening,192.7,10MAR2025,195.4,Drug X,
DRUGX01-S007,Baseline,195.4,24MAR2025,195.4,Drug X,
DRUGX01-S007,Week 4,167.8,19APR2025,195.4,Drug X,-27.6
DRUGX01-S007,Week 8,164.4,21MAY2025,195.4,Drug X,-31
DRUGX01-S007,Week 12,177.1,17JUN2025,195.4,Drug X,-18.3
DRUGX01-S008,Screening,187.7,01MAR2025,188.5,Drug X,
DRUGX01-S008,Baseline,188.5,15MAR2025,188.5,Drug X,
DRUGX01-S008,Week 4,176.1,10APR2025,188.5,Drug X,-12.4
DRUGX01-S008,Week 8,164.9,09MAY2025,188.5,Drug X,-23.6
DRUGX01-S008,Week 12,159,07JUN2025,188.5,Drug X,-29.5
DRUGX01-S009,Screening,199.1,04JAN2025,191.2,Drug X,
DRUGX01-S009,Baseline,191.2,18JAN2025,191.2,Drug X,
DRUGX01-S009,Week 4,166.6,16FEB2025,191.2,Drug X,-24.6
DRUGX01-S009,Week 8,151.1,14MAR2025,191.2,Drug X,-40.1
DRUGX01-S009,Week 12,154.6,13APR2025,191.2,Drug X,-36.6
DRUGX01-S010,Screening,197.7,02JAN2025,177.9,Drug X,
DRUGX01-S010,Baseline,177.9,16JAN2025,177.9,Drug X,
DRUGX01-S010,Week 4,176.3,12FEB2025,177.9,Drug X,-1.6
DRUGX01-S010,Week 8,141.7,11MAR2025,177.9,Drug X,-36.2
DRUGX01-S010,Week 12,147,09APR2025,177.9,Drug X,-30.9
DRUGX01-S011,Screening,166.2,16FEB2025,163.4,Drug X,
DRUGX01-S011,Baseline,163.4,02MAR2025,163.4,Drug X,
DRUGX01-S011,Week 4,131.6,30MAR2025,163.4,Drug X,-31.8
DRUGX01-S011,Week 8,120.2,26APR2025,163.4,Drug X,-43.2
DRUGX01-S011,Week 12,150.9,25MAY2025,163.4,Drug X,-12.5
DRUGX01-S013,Screening,167.9,23FEB2025,167,Drug X,
DRUGX01-S013,Baseline,167,09MAR2025,167,Drug X,
DRUGX01-S013,Week 4,144,07APR2025,167,Drug X,-23
DRUGX01-S013,Week 8,141.7,02MAY2025,167,Drug X,-25.3
DRUGX01-S013,Week 12,146.8,02JUN2025,167,Drug X,-20.2
DRUGX01-S014,Screening,154.2,27FEB2025,153.2,Drug X,
DRUGX01-S014,Baseline,153.2,13MAR2025,153.2,Drug X,
DRUGX01-S014,Week 4,137.8,10APR2025,153.2,Drug X,-15.4
DRUGX01-S014,Week 8,149.4,10MAY2025,153.2,Drug X,-3.8
DRUGX01-S015,Screening,162.9,05FEB2025,172.2,Drug X,
DRUGX01-S015,Baseline,172.2,19FEB2025,172.2,Drug X,
DRUGX01-S015,Week 4,154.8,17MAR2025,172.2,Drug X,-17.4
DRUGX01-S015,Week 8,160.8,18APR2025,172.2,Drug X,-11.4
DRUGX01-S016,Screening,117.1,27FEB2025,123.3,Drug X,
DRUGX01-S016,Baseline,123.3,13MAR2025,123.3,Drug X,
DRUGX01-S016,Week 4,113.7,08APR2025,123.3,Drug X,-9.6
DRUGX01-S016,Week 8,106.7,08MAY2025,123.3,Drug X,-16.6
DRUGX01-S016,Week 12,101.7,07JUN2025,123.3,Drug X,-21.6
DRUGX01-S017,Screening,185.6,05FEB2025,187.6,Drug X,
DRUGX01-S017,Baseline,187.6,19FEB2025,187.6,Drug X,
DRUGX01-S017,Week 4,174.7,18MAR2025,187.6,Drug X,-12.9
DRUGX01-S017,Week 8,148.1,15APR2025,187.6,Drug X,-39.5
DRUGX01-S017,Week 12,156.7,14MAY2025,187.6,Drug X,-30.9
DRUGX01-S020,Screening,164.7,10FEB2025,181.4,Drug X,
DRUGX01-S020,Baseline,181.4,24FEB2025,181.4,Drug X,
DRUGX01-S020,Week 4,155.5,24MAR2025,181.4,Drug X,-25.9
DRUGX01-S020,Week 8,142.6,23APR2025,181.4,Drug X,-38.8
DRUGX01-S020,Week 12,160.6,19MAY2025,181.4,Drug X,-20.8
DRUGX01-S021,Screening,197.5,05JAN2025,202,Drug X,
DRUGX01-S021,Baseline,202,19JAN2025,202,Drug X,
DRUGX01-S021,Week 4,172,18FEB2025,202,Drug X,-30
DRUGX01-S021,Week 8,161.3,18MAR2025,202,Drug X,-40.7
DRUGX01-S021,Week 12,174.8,14APR2025,202,Drug X,-27.2
DRUGX01-S024,Screening,161.5,26FEB2025,158.2,Drug X,
DRUGX01-S024,Baseline,158.2,12MAR2025,158.2,Drug X,
DRUGX01-S024,Week 4,149.3,07APR2025,158.2,Drug X,-8.9
DRUGX01-S024,Week 8,142,06MAY2025,158.2,Drug X,-16.2
DRUGX01-S024,Week 12,125.9,03JUN2025,158.2,Drug X,-32.3
DRUGX01-S027,Screening,159.2,22FEB2025,146.8,Drug X,
DRUGX01-S027,Baseline,146.8,08MAR2025,146.8,Drug X,
DRUGX01-S027,Week 4,136,05APR2025,146.8,Drug X,-10.8
DRUGX01-S027,Week 8,133.3,02MAY2025,146.8,Drug X,-13.5
DRUGX01-S027,Week 12,105,02JUN2025,146.8,Drug X,-41.8
DRUGX01-S028,Screening,121.9,04JAN2025,131.3,Drug X,
DRUGX01-S028,Baseline,131.3,18JAN2025,131.3,Drug X,
DRUGX01-S028,Week 4,116.9,16FEB2025,131.3,Drug X,-14.4
DRUGX01-S028,Week 8,97.1,14MAR2025,131.3,Drug X,-34.2
DRUGX01-S028,Week 12,99,12APR2025,131.3,Drug X,-32.3
DRUGX01-S030,Screening,169.7,16FEB2025,166.6,Drug X,
DRUGX01-S030,Baseline,166.6,02MAR2025,166.6,Drug X,
DRUGX01-S030,Week 4,164.3,01APR2025,166.6,Drug X,-2.3
DRUGX01-S030,Week 8,152.5,26APR2025,166.6,Drug X,-14.1
DRUGX01-S030,Week 12,144.8,27MAY2025,166.6,Drug X,-21.8
DRUGX01-S031,Screening,170.4,27JAN2025,170.1,Drug X,
DRUGX01-S031,Baseline,170.1,10FEB2025,170.1,Drug X,
DRUGX01-S031,Week 4,155.8,08MAR2025,170.1,Drug X,-14.3
DRUGX01-S031,Week 8,148.5,07APR2025,170.1,Drug X,-21.6
DRUGX01-S031,Week 12,134.2,03MAY2025,170.1,Drug X,-35.9
DRUGX01-S032,Screening,164.4,03FEB2025,164.3,Drug X,
DRUGX01-S032,Baseline,164.3,17FEB2025,164.3,Drug X,
DRUGX01-S032,Week 4,157.4,17MAR2025,164.3,Drug X,-6.9
DRUGX01-S032,Week 8,138.4,14APR2025,164.3,Drug X,-25.9
DRUGX01-S032,Week 12,120.1,14MAY2025,164.3,Drug X,-44.2
DRUGX01-S033,Screening,153.7,25DEC2024,151,Drug X,
DRUGX01-S033,Baseline,151,08JAN2025,151,Drug X,
DRUGX01-S033,Week 4,117,06FEB2025,151,Drug X,-34
DRUGX01-S033,Week 8,137.6,04MAR2025,151,Drug X,-13.4
DRUGX01-S033,Week 12,113,03APR2025,151,Drug X,-38
DRUGX01-S034,Screening,182.8,12JAN2025,185.1,Drug X,
DRUGX01-S034,Baseline,185.1,26JAN2025,185.1,Drug X,
DRUGX01-S034,Week 4,164.5,23FEB2025,185.1,Drug X,-20.6
DRUGX01-S034,Week 8,144.5,22MAR2025,185.1,Drug X,-40.6
DRUGX01-S034,Week 12,159.1,21APR2025,185.1,Drug X,-26
DRUGX01-S037,Screening,138.4,16JAN2025,141.1,Drug X,
DRUGX01-S037,Baseline,141.1,30JAN2025,141.1,Drug X,
DRUGX01-S037,Week 4,152,28FEB2025,141.1,Drug X,10.9
DRUGX01-S037,Week 8,115.9,28MAR2025,141.1,Drug X,-25.2
DRUGX01-S037,Week 12,126.4,24APR2025,141.1,Drug X,-14.7
DRUGX01-S041,Screening,180.4,16JAN2025,178.4,Drug X,
DRUGX01-S041,Baseline,178.4,30JAN2025,178.4,Drug X,
DRUGX01-S041,Week 4,164,25FEB2025,178.4,Drug X,-14.4
DRUGX01-S041,Week 8,141.7,26MAR2025,178.4,Drug X,-36.7
DRUGX01-S041,Week 12,138.4,23APR2025,178.4,Drug X,-40
DRUGX01-S043,Screening,174.2,04FEB2025,168.3,Drug X,
DRUGX01-S043,Baseline,168.3,18FEB2025,168.3,Drug X,
DRUGX01-S043,Week 4,147,18MAR2025,168.3,Drug X,-21.3
DRUGX01-S043,Week 8,128.5,13APR2025,168.3,Drug X,-39.8
DRUGX01-S043,Week 12,121.9,13MAY2025,168.3,Drug X,-46.4
DRUGX01-S051,Screening,185.5,27FEB2025,178.4,Drug X,
DRUGX01-S051,Baseline,178.4,13MAR2025,178.4,Drug X,
DRUGX01-S051,Week 4,184.2,09APR2025,178.4,Drug X,5.8
DRUGX01-S051,Week 8,166.7,06MAY2025,178.4,Drug X,-11.7
DRUGX01-S055,Screening,147,24JAN2025,159.2,Drug X,
DRUGX01-S055,Baseline,159.2,07FEB2025,159.2,Drug X,
DRUGX01-S055,Week 4,138.3,07MAR2025,159.2,Drug X,-20.9
DRUGX01-S055,Week 8,146.4,02APR2025,159.2,Drug X,-12.8
DRUGX01-S055,Week 12,132.1,01MAY2025,159.2,Drug X,-27.1
DRUGX01-S057,Screening,202.5,07MAR2025,199.3,Drug X,
DRUGX01-S057,Baseline,199.3,21MAR2025,199.3,Drug X,
DRUGX01-S057,Week 4,171.2,17APR2025,199.3,Drug X,-28.1
DRUGX01-S057,Week 8,172.7,18MAY2025,199.3,Drug X,-26.6
DRUGX01-S057,Week 12,163.1,13JUN2025,199.3,Drug X,-36.2
DRUGX01-S062,Screening,168.8,31JAN2025,170.5,Drug X,
DRUGX01-S062,Baseline,170.5,14FEB2025,170.5,Drug X,
DRUGX01-S062,Week 4,154.1,16MAR2025,170.5,Drug X,-16.4
DRUGX01-S062,Week 8,157.9,13APR2025,170.5,Drug X,-12.6
DRUGX01-S062,Week 12,129.4,10MAY2025,170.5,Drug X,-41.1
DRUGX01-S063,Screening,156.6,10JAN2025,162.7,Drug X,
DRUGX01-S063,Baseline,162.7,24JAN2025,162.7,Drug X,
DRUGX01-S063,Week 4,157.3,21FEB2025,162.7,Drug X,-5.4
DRUGX01-S063,Week 8,143.3,20MAR2025,162.7,Drug X,-19.4
DRUGX01-S063,Week 12,130.1,19APR2025,162.7,Drug X,-32.6
DRUGX01-S064,Screening,191.3,07MAR2025,182.3,Drug X,
DRUGX01-S064,Baseline,182.3,21MAR2025,182.3,Drug X,
DRUGX01-S064,Week 4,163.9,19APR2025,182.3,Drug X,-18.4
DRUGX01-S064,Week 8,150.6,15MAY2025,182.3,Drug X,-31.7
DRUGX01-S064,Week 12,143.4,15JUN2025,182.3,Drug X,-38.9
DRUGX01-S065,Screening,167,23JAN2025,166,Drug X,
DRUGX01-S065,Baseline,166,06FEB2025,166,Drug X,
DRUGX01-S065,Week 4,156.9,07MAR2025,166,Drug X,-9.1
DRUGX01-S065,Week 8,133.3,03APR2025,166,Drug X,-32.7
DRUGX01-S067,Screening,159.5,30DEC2024,150.7,Drug X,
DRUGX01-S067,Baseline,150.7,13JAN2025,150.7,Drug X,
DRUGX01-S067,Week 4,142.2,10FEB2025,150.7,Drug X,-8.5
DRUGX01-S067,Week 8,129.2,12MAR2025,150.7,Drug X,-21.5
DRUGX01-S067,Week 12,107,06APR2025,150.7,Drug X,-43.7
DRUGX01-S068,Screening,169.9,13MAR2025,162.3,Drug X,
DRUGX01-S068,Baseline,162.3,27MAR2025,162.3,Drug X,
DRUGX01-S068,Week 4,146.5,25APR2025,162.3,Drug X,-15.8
DRUGX01-S068,Week 8,136.3,24MAY2025,162.3,Drug X,-26
DRUGX01-S068,Week 12,121.4,20JUN2025,162.3,Drug X,-40.9
DRUGX01-S071,Screening,178,02FEB2025,167.8,Drug X,
DRUGX01-S071,Baseline,167.8,16FEB2025,167.8,Drug X,
DRUGX01-S071,Week 4,159,15MAR2025,167.8,Drug X,-8.8
DRUGX01-S071,Week 8,154.8,14APR2025,167.8,Drug X,-13
DRUGX01-S071,Week 12,138.9,13MAY2025,167.8,Drug X,-28.9
DRUGX01-S072,Screening,135.9,13JAN2025,139.8,Drug X,
DRUGX01-S072,Baseline,139.8,27JAN2025,139.8,Drug X,
DRUGX01-S072,Week 4,146,23FEB2025,139.8,Drug X,6.2
DRUGX01-S072,Week 8,136.3,24MAR2025,139.8,Drug X,-3.5
DRUGX01-S072,Week 12,102.2,21APR2025,139.8,Drug X,-37.6
DRUGX01-S073,Screening,162.3,14MAR2025,152.6,Drug X,
DRUGX01-S073,Baseline,152.6,28MAR2025,152.6,Drug X,
DRUGX01-S073,Week 4,126.5,24APR2025,152.6,Drug X,-26.1
DRUGX01-S073,Week 8,138.5,24MAY2025,152.6,Drug X,-14.1
DRUGX01-S073,Week 12,135.4,22JUN2025,152.6,Drug X,-17.2
DRUGX01-S077,Screening,165.7,08MAR2025,175.4,Drug X,
DRUGX01-S077,Baseline,175.4,22MAR2025,175.4,Drug X,
DRUGX01-S077,Week 4,162.3,18APR2025,175.4,Drug X,-13.1
DRUGX01-S077,Week 8,144.9,15MAY2025,175.4,Drug X,-30.5
DRUGX01-S077,Week 12,152.3,14JUN2025,175.4,Drug X,-23.1
DRUGX01-S079,Screening,175.1,22JAN2025,169.4,Drug X,
DRUGX01-S079,Baseline,169.4,05FEB2025,169.4,Drug X,
DRUGX01-S079,Week 4,167.7,04MAR2025,169.4,Drug X,-1.7
DRUGX01-S079,Week 8,124.2,02APR2025,169.4,Drug X,-45.2
DRUGX01-S079,Week 12,141.5,30APR2025,169.4,Drug X,-27.9
DRUGX01-S001,Screening,147.7,11JAN2025,154.2,Placebo,
DRUGX01-S001,Baseline,154.2,25JAN2025,154.2,Placebo,
DRUGX01-S001,Week 4,144,21FEB2025,154.2,Placebo,-10.2
DRUGX01-S001,Week 8,141.6,22MAR2025,154.2,Placebo,-12.6
DRUGX01-S001,Week 12,147.4,17APR2025,154.2,Placebo,-6.8
DRUGX01-S002,Screening,200.3,12MAR2025,198.2,Placebo,
DRUGX01-S002,Baseline,198.2,26MAR2025,198.2,Placebo,
DRUGX01-S002,Week 4,192.7,23APR2025,198.2,Placebo,-5.5
DRUGX01-S002,Week 8,201.4,19MAY2025,198.2,Placebo,3.2
DRUGX01-S002,Week 12,200.1,17JUN2025,198.2,Placebo,1.9
DRUGX01-S005,Screening,197,09MAR2025,191.3,Placebo,
DRUGX01-S005,Baseline,191.3,23MAR2025,191.3,Placebo,
DRUGX01-S005,Week 4,196.1,20APR2025,191.3,Placebo,4.8
DRUGX01-S005,Week 8,181.3,17MAY2025,191.3,Placebo,-10
DRUGX01-S005,Week 12,186.5,17JUN2025,191.3,Placebo,-4.8
DRUGX01-S012,Screening,178.8,12JAN2025,178,Placebo,
DRUGX01-S012,Baseline,178,26JAN2025,178,Placebo,
DRUGX01-S012,Week 4,160.5,25FEB2025,178,Placebo,-17.5
DRUGX01-S012,Week 8,166.8,21MAR2025,178,Placebo,-11.2
DRUGX01-S012,Week 12,162.1,21APR2025,178,Placebo,-15.9
DRUGX01-S018,Screening,171.9,09FEB2025,168.1,Placebo,
DRUGX01-S018,Baseline,168.1,23FEB2025,168.1,Placebo,
DRUGX01-S018,Week 4,173.9,22MAR2025,168.1,Placebo,5.8
DRUGX01-S018,Week 8,167.3,18APR2025,168.1,Placebo,-0.8
DRUGX01-S019,Screening,160.3,09JAN2025,162.7,Placebo,
DRUGX01-S019,Baseline,162.7,23JAN2025,162.7,Placebo,
DRUGX01-S019,Week 4,149,18FEB2025,162.7,Placebo,-13.7
DRUGX01-S019,Week 8,163.3,19MAR2025,162.7,Placebo,0.6
DRUGX01-S019,Week 12,144.1,17APR2025,162.7,Placebo,-18.6
DRUGX01-S022,Screening,138,13FEB2025,130.5,Placebo,
DRUGX01-S022,Baseline,130.5,27FEB2025,130.5,Placebo,
DRUGX01-S022,Week 4,131.6,26MAR2025,130.5,Placebo,1.1
DRUGX01-S022,Week 8,159.4,25APR2025,130.5,Placebo,28.9
DRUGX01-S022,Week 12,126.4,24MAY2025,130.5,Placebo,-4.1
DRUGX01-S023,Screening,171.4,27FEB2025,176,Placebo,
DRUGX01-S023,Baseline,176,13MAR2025,176,Placebo,
DRUGX01-S023,Week 4,177.3,10APR2025,176,Placebo,1.3
DRUGX01-S023,Week 8,182.7,08MAY2025,176,Placebo,6.7
DRUGX01-S023,Week 12,179.1,05JUN2025,176,Placebo,3.1
DRUGX01-S025,Screening,208.5,04JAN2025,198.1,Placebo,
DRUGX01-S025,Baseline,198.1,18JAN2025,198.1,Placebo,
DRUGX01-S025,Week 4,203.7,17FEB2025,198.1,Placebo,5.6
DRUGX01-S025,Week 8,174.4,13MAR2025,198.1,Placebo,-23.7
DRUGX01-S025,Week 12,180.2,13APR2025,198.1,Placebo,-17.9
DRUGX01-S026,Screening,171.8,28FEB2025,169.7,Placebo,
DRUGX01-S026,Baseline,169.7,14MAR2025,169.7,Placebo,
DRUGX01-S026,Week 4,166.2,10APR2025,169.7,Placebo,-3.5
DRUGX01-S026,Week 8,167.5,09MAY2025,169.7,Placebo,-2.2
DRUGX01-S026,Week 12,150.3,05JUN2025,169.7,Placebo,-19.4
DRUGX01-S029,Screening,169.5,29DEC2024,174.4,Placebo,
DRUGX01-S029,Baseline,174.4,12JAN2025,174.4,Placebo,
DRUGX01-S029,Week 4,172,10FEB2025,174.4,Placebo,-2.4
DRUGX01-S029,Week 8,199.3,07MAR2025,174.4,Placebo,24.9
DRUGX01-S029,Week 12,148.8,06APR2025,174.4,Placebo,-25.6
DRUGX01-S035,Screening,179,17FEB2025,179.7,Placebo,
DRUGX01-S035,Baseline,179.7,03MAR2025,179.7,Placebo,
DRUGX01-S035,Week 4,190.6,31MAR2025,179.7,Placebo,10.9
DRUGX01-S035,Week 8,183.9,29APR2025,179.7,Placebo,4.2
DRUGX01-S035,Week 12,180.5,27MAY2025,179.7,Placebo,0.8
DRUGX01-S036,Screening,138.7,14FEB2025,135.2,Placebo,
DRUGX01-S036,Baseline,135.2,28FEB2025,135.2,Placebo,
DRUGX01-S036,Week 4,132.9,27MAR2025,135.2,Placebo,-2.3
DRUGX01-S036,Week 8,152.1,23APR2025,135.2,Placebo,16.9
DRUGX01-S036,Week 12,134.3,25MAY2025,135.2,Placebo,-0.9
DRUGX01-S038,Screening,182.7,21JAN2025,176.8,Placebo,
DRUGX01-S038,Baseline,176.8,04FEB2025,176.8,Placebo,
DRUGX01-S038,Week 4,181,03MAR2025,176.8,Placebo,4.2
DRUGX01-S038,Week 8,170.1,03APR2025,176.8,Placebo,-6.7
DRUGX01-S038,Week 12,171.7,30APR2025,176.8,Placebo,-5.1
DRUGX01-S039,Screening,142.2,31JAN2025,140.1,Placebo,
DRUGX01-S039,Baseline,140.1,14FEB2025,140.1,Placebo,
DRUGX01-S039,Week 4,131.9,16MAR2025,140.1,Placebo,-8.2
DRUGX01-S039,Week 8,141.7,10APR2025,140.1,Placebo,1.6
DRUGX01-S039,Week 12,138,08MAY2025,140.1,Placebo,-2.1
DRUGX01-S040,Screening,161.1,20JAN2025,158.3,Placebo,
DRUGX01-S040,Baseline,158.3,03FEB2025,158.3,Placebo,
DRUGX01-S040,Week 4,159.2,05MAR2025,158.3,Placebo,0.9
DRUGX01-S040,Week 8,146.4,01APR2025,158.3,Placebo,-11.9
DRUGX01-S040,Week 12,162.8,28APR2025,158.3,Placebo,4.5
DRUGX01-S042,Screening,141.2,18JAN2025,140.1,Placebo,
DRUGX01-S042,Baseline,140.1,01FEB2025,140.1,Placebo,
DRUGX01-S042,Week 4,123.2,28FEB2025,140.1,Placebo,-16.9
DRUGX01-S042,Week 8,128.4,28MAR2025,140.1,Placebo,-11.7
DRUGX01-S042,Week 12,106.3,25APR2025,140.1,Placebo,-33.8
DRUGX01-S044,Screening,170.7,08FEB2025,174.7,Placebo,
DRUGX01-S044,Baseline,174.7,22FEB2025,174.7,Placebo,
DRUGX01-S044,Week 4,174.8,20MAR2025,174.7,Placebo,0.1
DRUGX01-S044,Week 8,181.2,18APR2025,174.7,Placebo,6.5
DRUGX01-S044,Week 12,159.5,18MAY2025,174.7,Placebo,-15.2
DRUGX01-S045,Screening,154,16FEB2025,162.2,Placebo,
DRUGX01-S045,Baseline,162.2,02MAR2025,162.2,Placebo,
DRUGX01-S045,Week 4,167.8,30MAR2025,162.2,Placebo,5.6
DRUGX01-S045,Week 8,158.5,29APR2025,162.2,Placebo,-3.7
DRUGX01-S045,Week 12,169.6,23MAY2025,162.2,Placebo,7.4
DRUGX01-S046,Screening,138.8,13JAN2025,136.8,Placebo,
DRUGX01-S046,Baseline,136.8,27JAN2025,136.8,Placebo,
DRUGX01-S046,Week 4,131.6,23FEB2025,136.8,Placebo,-5.2
DRUGX01-S046,Week 8,108.8,26MAR2025,136.8,Placebo,-28
DRUGX01-S046,Week 12,131.8,21APR2025,136.8,Placebo,-5
DRUGX01-S047,Screening,184.1,06JAN2025,183.2,Placebo,
DRUGX01-S047,Baseline,183.2,20JAN2025,183.2,Placebo,
DRUGX01-S047,Week 4,184,19FEB2025,183.2,Placebo,0.8
DRUGX01-S047,Week 8,180.7,15MAR2025,183.2,Placebo,-2.5
DRUGX01-S047,Week 12,175.4,14APR2025,183.2,Placebo,-7.8
DRUGX01-S048,Screening,168.9,18JAN2025,172,Placebo,
DRUGX01-S048,Baseline,172,01FEB2025,172,Placebo,
DRUGX01-S048,Week 4,188.1,02MAR2025,172,Placebo,16.1
DRUGX01-S048,Week 8,172.3,27MAR2025,172,Placebo,0.3
DRUGX01-S048,Week 12,143.4,28APR2025,172,Placebo,-28.6
DRUGX01-S049,Screening,170.3,27FEB2025,164.8,Placebo,
DRUGX01-S049,Baseline,164.8,13MAR2025,164.8,Placebo,
DRUGX01-S049,Week 4,171.7,12APR2025,164.8,Placebo,6.9
DRUGX01-S049,Week 8,171.8,07MAY2025,164.8,Placebo,7
DRUGX01-S049,Week 12,158.3,05JUN2025,164.8,Placebo,-6.5
DRUGX01-S050,Screening,174.8,04MAR2025,172.9,Placebo,
DRUGX01-S050,Baseline,172.9,18MAR2025,172.9,Placebo,
DRUGX01-S050,Week 4,165.7,16APR2025,172.9,Placebo,-7.2
DRUGX01-S050,Week 8,162.7,11MAY2025,172.9,Placebo,-10.2
DRUGX01-S050,Week 12,162.2,09JUN2025,172.9,Placebo,-10.7
DRUGX01-S052,Screening,185.4,25JAN2025,185.6,Placebo,
DRUGX01-S052,Baseline,185.6,08FEB2025,185.6,Placebo,
DRUGX01-S052,Week 4,174.8,10MAR2025,185.6,Placebo,-10.8
DRUGX01-S052,Week 8,182.4,03APR2025,185.6,Placebo,-3.2
DRUGX01-S052,Week 12,193.8,05MAY2025,185.6,Placebo,8.2
DRUGX01-S053,Screening,168,13MAR2025,173.4,Placebo,
DRUGX01-S053,Baseline,173.4,27MAR2025,173.4,Placebo,
DRUGX01-S053,Week 4,158.4,25APR2025,173.4,Placebo,-15
DRUGX01-S053,Week 8,161.8,20MAY2025,173.4,Placebo,-11.6
DRUGX01-S053,Week 12,160.2,19JUN2025,173.4,Placebo,-13.2
DRUGX01-S054,Screening,168,09FEB2025,166.2,Placebo,
DRUGX01-S054,Baseline,166.2,23FEB2025,166.2,Placebo,
DRUGX01-S054,Week 4,161.2,21MAR2025,166.2,Placebo,-5
DRUGX01-S054,Week 8,154.6,22APR2025,166.2,Placebo,-11.6
DRUGX01-S054,Week 12,161,18MAY2025,166.2,Placebo,-5.2
DRUGX01-S056,Screening,156,10FEB2025,146.3,Placebo,
DRUGX01-S056,Baseline,146.3,24FEB2025,146.3,Placebo,
DRUGX01-S056,Week 4,146,24MAR2025,146.3,Placebo,-0.3
DRUGX01-S056,Week 8,113.7,21APR2025,146.3,Placebo,-32.6
DRUGX01-S056,Week 12,150.2,19MAY2025,146.3,Placebo,3.9
DRUGX01-S058,Screening,156.9,28JAN2025,145.8,Placebo,
DRUGX01-S058,Baseline,145.8,11FEB2025,145.8,Placebo,
DRUGX01-S058,Week 4,141,10MAR2025,145.8,Placebo,-4.8
DRUGX01-S058,Week 8,136.5,08APR2025,145.8,Placebo,-9.3
DRUGX01-S058,Week 12,154.7,05MAY2025,145.8,Placebo,8.9
DRUGX01-S059,Screening,148.2,30DEC2024,146.6,Placebo,
DRUGX01-S059,Baseline,146.6,13JAN2025,146.6,Placebo,
DRUGX01-S059,Week 4,135,09FEB2025,146.6,Placebo,-11.6
DRUGX01-S059,Week 8,147.1,09MAR2025,146.6,Placebo,0.5
DRUGX01-S059,Week 12,138.8,05APR2025,146.6,Placebo,-7.8
DRUGX01-S060,Screening,175.3,18JAN2025,174.8,Placebo,
DRUGX01-S060,Baseline,174.8,01FEB2025,174.8,Placebo,
DRUGX01-S060,Week 4,187.3,02MAR2025,174.8,Placebo,12.5
DRUGX01-S060,Week 8,157.7,29MAR2025,174.8,Placebo,-17.1
DRUGX01-S060,Week 12,182.8,28APR2025,174.8,Placebo,8
DRUGX01-S061,Screening,197.8,17MAR2025,190.6,Placebo,
DRUGX01-S061,Baseline,190.6,31MAR2025,190.6,Placebo,
DRUGX01-S061,Week 4,173.8,26APR2025,190.6,Placebo,-16.8
DRUGX01-S061,Week 8,189.1,28MAY2025,190.6,Placebo,-1.5
DRUGX01-S061,Week 12,184.3,22JUN2025,190.6,Placebo,-6.3
DRUGX01-S066,Screening,158.5,19JAN2025,153.3,Placebo,
DRUGX01-S066,Baseline,153.3,02FEB2025,153.3,Placebo,
DRUGX01-S066,Week 4,148.8,28FEB2025,153.3,Placebo,-4.5
DRUGX01-S066,Week 8,161.1,30MAR2025,153.3,Placebo,7.8
DRUGX01-S066,Week 12,128.7,26APR2025,153.3,Placebo,-24.6
DRUGX01-S069,Screening,148.4,03MAR2025,146.2,Placebo,
DRUGX01-S069,Baseline,146.2,17MAR2025,146.2,Placebo,
DRUGX01-S069,Week 4,147.9,15APR2025,146.2,Placebo,1.7
DRUGX01-S069,Week 8,139.9,14MAY2025,146.2,Placebo,-6.3
DRUGX01-S069,Week 12,131.8,07JUN2025,146.2,Placebo,-14.4
DRUGX01-S070,Screening,164.9,25JAN2025,169.5,Placebo,
DRUGX01-S070,Baseline,169.5,08FEB2025,169.5,Placebo,
DRUGX01-S070,Week 4,160.1,09MAR2025,169.5,Placebo,-9.4
DRUGX01-S070,Week 8,159.8,07APR2025,169.5,Placebo,-9.7
DRUGX01-S070,Week 12,161.7,03MAY2025,169.5,Placebo,-7.8
DRUGX01-S074,Screening,165.2,11MAR2025,163.9,Placebo,
DRUGX01-S074,Baseline,163.9,25MAR2025,163.9,Placebo,
DRUGX01-S074,Week 4,170.6,23APR2025,163.9,Placebo,6.7
DRUGX01-S074,Week 8,163.1,20MAY2025,163.9,Placebo,-0.8
DRUGX01-S074,Week 12,140.4,16JUN2025,163.9,Placebo,-23.5
DRUGX01-S075,Screening,155,04JAN2025,148.7,Placebo,
DRUGX01-S075,Baseline,148.7,18JAN2025,148.7,Placebo,
DRUGX01-S075,Week 4,129.4,13FEB2025,148.7,Placebo,-19.3
DRUGX01-S075,Week 8,169,15MAR2025,148.7,Placebo,20.3
DRUGX01-S075,Week 12,155.8,10APR2025,148.7,Placebo,7.1
DRUGX01-S076,Screening,153.4,12JAN2025,147.6,Placebo,
DRUGX01-S076,Baseline,147.6,26JAN2025,147.6,Placebo,
DRUGX01-S076,Week 4,138.2,22FEB2025,147.6,Placebo,-9.4
DRUGX01-S076,Week 8,141.4,22MAR2025,147.6,Placebo,-6.2
DRUGX01-S076,Week 12,155.2,22APR2025,147.6,Placebo,7.6
DRUGX01-S078,Screening,191.4,10JAN2025,186,Placebo,
DRUGX01-S078,Baseline,186,24JAN2025,186,Placebo,
DRUGX01-S078,Week 4,193.8,20FEB2025,186,Placebo,7.8
DRUGX01-S078,Week 8,193.9,22MAR2025,186,Placebo,7.9
DRUGX01-S078,Week 12,172.6,19APR2025,186,Placebo,-13.4
DRUGX01-S080,Screening,178.5,01MAR2025,169.9,Placebo,
DRUGX01-S080,Baseline,169.9,15MAR2025,169.9,Placebo,
DRUGX01-S080,Week 4,170.5,14APR2025,169.9,Placebo,0.6
DRUGX01-S080,Week 8,160.5,08MAY2025,169.9,Placebo,-9.4
DRUGX01-S080,Week 12,146.6,06JUN2025,169.9,Placebo,-23.3
